{
  "Sample": {
    "Title": "Sign in a user in an ASP.NET Web App with OpenID Connect and the Microsoft identity platform",
    "Level": 200,
    "Client": "ASP.NET Web App",
    "RepositoryUrl": "AppModelv2-WebApp-OpenIDConnect-DotNet",
    "Endpoint": "AAD v2.0"
  },

  /*
    This section describes the Azure AD Applications to configure, and their dependencies
  */
  "AADApps": [
    {
      "Id": "webApp",
      "Name": "Quickstart-AspNetWebApp",
      "Kind": "WebApp",
      "Audience": "AzureADMyOrg",
      "HomePage": "https://localhost:44368/",
      "ReplyUrls": "https://localhost:44368/, https://localhost:44368/signin-oidc",
      "LogoutUrl": "https://localhost:44368/signout-oidc"
    }
  ],

  /*
    This section describes how to update the code in configuration files from the apps coordinates, once the apps
    are created in Azure AD.
    Each section describes a configuration file, for one of the apps, it's type (XML, JSon, plain text), its location
    with respect to the root of the sample, and the mappping (which string in the config file is mapped to which value
  */
  "CodeConfiguration": [
    {
      "App": "webApp",
      "SettingKind": "XML",
      "SettingFile": "\\..\\AppModelv2-WebApp-OpenIDConnect-DotNet\\Web.config",
      "Mappings": [
        {
          "key": "ClientId",
          "value": ".AppId"
        },
        {
          "key": "Tenant",
          "value": "$tenantId"
        }
      ]
    }
  ]
}
